{
  "LF-crypto": {
    "mean": [
      -1.9917135887226323e-06,
      0.0,
      0.0011153336381539702,
      0.0013023419305682182,
      0.0014176826225593686,
      0.0014637487474828959,
      -1.805607780624996e-06,
      -1.0768733318400336e-06,
      0.0009960884926840663,
      0.0009963911725208163,
      1.3696768291993067e-05,
      1.3756339285464492e-05,
      -0.007914502173662186,
      0.00822298415005207
    ],
    "std": [
      0.0017064580461010337,
      0.0,
      0.0010929291602224112,
      0.001065709162503481,
      0.0009445131872780621,
      0.0008752276189625263,
      0.0002810057485476136,
      9.921941818902269e-05,
      0.0007663963478989899,
      0.0006286744610406458,
      0.7071068286895752,
      0.7071064710617065,
      0.70730060338974,
      0.7071894407272339
    ]
  }
}