asset,LOW_FREQUENCY_avg_crps,HIGH_FREQUENCY_avg_crps
BTC,,896.4048525137263
ETH,,1150.7681145448844
SOL,,1237.6728929477918
XAU,,403.9586853879656
