asset,LOW_FREQUENCY_avg_crps,HIGH_FREQUENCY_avg_crps
AAPLX,1310.683869851382,
BTC,2971.2076375354272,861.5870844681292
ETH,4084.903258316287,1191.100672591244
GOOGLX,1797.5155278060836,
NVDAX,2653.3149537814643,
SOL,4333.687793993875,1229.888797172961
SPYX,755.0054835042588,
TSLAX,1691.8948438143934,
XAU,1368.3388818100525,400.53410455068706
