asset,LOW_FREQUENCY_avg_crps,HIGH_FREQUENCY_avg_crps
AAPLX,1206.1371039350809,
BTC,2921.7830576476044,882.3045796566015
ETH,3966.1928893445456,1166.1929558567742
GOOGLX,1588.6333040045567,
NVDAX,2502.8581517743414,
SOL,4044.3308859142653,1238.6027235703611
SPYX,707.2539576688913,
TSLAX,1506.8319042024366,
XAU,1490.3171802013312,400.8510396455674
