asset,LOW_FREQUENCY_avg_crps,HIGH_FREQUENCY_avg_crps
AAPLX,1206.3056463289881,
BTC,2923.3425359036487,883.5915271508255
ETH,3942.2515200750927,1168.522090802294
GOOGLX,1577.882410883832,
NVDAX,2509.077820898663,
SOL,4035.0831652166576,1238.259496587777
SPYX,710.0814941700426,
TSLAX,1506.439987708811,
XAU,1507.5108123756409,400.51453600756145
