asset,LOW_FREQUENCY_avg_crps,HIGH_FREQUENCY_avg_crps
BTC,,823.7923233293347
ETH,,1131.2172767970258
SOL,,1137.5658950802704
XAU,,392.30709524119277
