asset,LOW_FREQUENCY_avg_crps,HIGH_FREQUENCY_avg_crps
AAPLX,1203.6889548150646,
BTC,2917.6884780874707,883.4281612517697
ETH,3964.0096403608945,1166.712854154609
GOOGLX,1584.2935855027806,
NVDAX,2510.78983210107,
SOL,4025.6690416336805,1237.0110826242105
SPYX,708.461549409276,
TSLAX,1505.7485726079472,
XAU,1415.7149656415988,399.95616080453954
