asset,LOW_FREQUENCY_avg_crps,HIGH_FREQUENCY_avg_crps
BTC,254303.31402807825,8662.961420391879
ETH,224148.30578323532,7556.391781743138
SOL,230083.0014423993,47771.8718957251
XAU,643960.0319902558,77186.38085334116
