asset,LOW_FREQUENCY_avg_crps,HIGH_FREQUENCY_avg_crps
AAPLX,1206.7692265831836,
BTC,2600.829153232646,870.1511760615189
ETH,3546.245184041288,1148.7714409962912
GOOGLX,1454.2038048509323,
NVDAX,2179.9330356167575,
SOL,3707.0122703516486,1218.4016887082616
SPYX,677.82475153796,
TSLAX,1529.4126070758327,
XAU,1351.8519926344716,396.1062496762326
