asset,LOW_FREQUENCY_avg_crps,HIGH_FREQUENCY_avg_crps
BTC,218932.6922567999,8766.73422640839
ETH,143669.75717735614,7373.97732863783
SOL,188939.49382960983,47145.8113054656
XAU,237592.62838538954,78907.34104156797
