asset,LOW_FREQUENCY_avg_crps,HIGH_FREQUENCY_avg_crps
BTC,3824.4633507015274,1291.9042347937893
ETH,5442.81502078354,1716.2974469596722
SOL,10280.158695307275,4416.447484214164
XAU,8290.313780804616,7717.970190330493
